{"count":1,"gauges":{},"self":269.3001728,"total":288.7564653,"children":{"AgentResetIfDone":{"count":14208,"self":0.2839663,"total":0.2839663,"children":null},"AgentSendState":{"count":14208,"self":0.93038809999999994,"total":1.2927414,"children":{"CollectObservations":{"count":28416,"self":0.3623533,"total":0.3623533,"children":null}}},"DecideAction":{"count":14208,"self":12.2147008,"total":16.349879899999998,"children":{"RayPerceptionSensor.Perceive":{"count":28416,"self":4.1351792,"total":4.135179,"children":null}}},"AcademyStep":{"count":14208,"self":0.0858255,"total":0.0858255,"children":null},"AgentAct":{"count":14208,"self":1.4413715,"total":1.4413715,"children":null}}}